{
    "BRONZE I": { "RLT": 0.73828, "RST": 46, "BTC": 0.00000179, "LTC": 0.00119 },
    "BRONZE II": { "RLT": 1.33984, "RST": 83, "BTC": 0.00000389, "LTC": 0.00253, "BNB": 0.00067 },
    "BRONZE III": { "RLT": 1.3125, "RST": 81, "BTC": 0.00000413, "LTC": 0.00242, "BNB": 0.00061, "POL": 2.16918 },
    "SILVER I": { "RLT": 0.67274, "RST": 42, "BTC": 0.00000234, "LTC": 0.00131, "BNB": 0.00031, "POL": 1.05593, "XRP": 0.11639 },
    "SILVER II": { "RLT": 0.85851, "RST": 53, "BTC": 0.00000271, "LTC": 0.00143, "BNB": 0.00033, "POL": 1.04648, "XRP": 0.10958, "DOGE": 2.5646 },
    "SILVER III": { "RLT": 0.52083, "RST": 32, "BTC": 0.00000179, "LTC": 0.0009, "BNB": 0.0002, "POL": 0.59467, "XRP": 0.05916, "DOGE": 1.3153, "ETH": 0.00008 },
    "GOLD I": { "RLT": 0.66406, "RST": 41, "BTC": 0.00000255, "LTC": 0.00122, "BNB": 0.00025, "POL": 0.72453, "XRP": 0.06847, "DOGE": 1.4463, "ETH": 0.00008, "TRX": 1.68883 },
    "GOLD II": { "RLT": 1.4974, "RST": 92, "BTC": 0.00000616, "LTC": 0.00279, "BNB": 0.00055, "POL": 1.49931, "XRP": 0.1346, "DOGE": 2.701, "ETH": 0.00014, "TRX": 2.84651, "SOL": 0.00859 },
    "GOLD III": { "RLT": 3.83681, "RST": 236, "BTC": 0.00001713, "LTC": 0.00808, "BNB": 0.00164, "POL": 4.69293, "XRP": 0.43817, "DOGE": 9.1441, "ETH": 0.00049, "TRX": 10.42311, "SOL": 0.02237 },
    "PLATINUM I": { "RLT": 6.38021, "RST": 392, "BTC": 0.00003471, "LTC": 0.01687, "BNB": 0.00354, "POL": 10.39286, "XRP": 0.99946, "DOGE": 21.4835, "ETH": 0.0012, "TRX": 25.97992, "SOL": 0.05132 },
    "PLATINUM II": { "RLT": 3.06858, "RST": 189, "BTC": 0.00002226, "LTC": 0.01104, "BNB": 0.00236, "POL": 7.07256, "XRP": 0.69376, "DOGE": 15.2106, "ETH": 0.00086, "TRX": 19.13726, "SOL": 0.04227 },
    "PLATINUM III": { "RLT": 1.75781, "RST": 108, "BTC": 0.0000153, "LTC": 0.00782, "BNB": 0.00172, "POL": 5.31257, "XRP": 0.53675, "DOGE": 12.1213, "ETH": 0.00071, "TRX": 16.17921, "SOL": 0.04069 },
    "DIAMOND I": { "RST": 93, "BTC": 0.00001278, "LTC": 0.01282, "BNB": 0.00167, "POL": 8.51715, "XRP": 0.75866, "DOGE": 11.4355, "ETH": 0.00059, "TRX": 8.13289, "SOL": 0.01607 },
    "DIAMOND II": { "RST": 84, "BTC": 0.00001543, "LTC": 0.01547, "BNB": 0.00231, "POL": 10.27932, "XRP": 0.91562, "DOGE": 13.8015, "ETH": 0.00071, "TRX": 9.81555, "SOL": 0.01939 },
    "DIAMOND III": { "RST": 11, "BTC": 0.00000198, "LTC": 0.00199, "BNB": 0.0003, "POL": 1.32163, "XRP": 0.11772, "DOGE": 1.7745, "ETH": 0.00009, "TRX": 1.262, "SOL": 0.00249 }
}
