{
    "BRONZE I": {
        "RLT": 0.74,
        "RST": 46,
        "BTC": 0.00000179,
        "LTC": 0.0012
    },
    "BRONZE II": {
        "RLT": 1.33984,
        "RST": 83,
        "BTC": 0.00000389,
        "LTC": 0.00253,
        "BNB": 0.00067
    },
    "BRONZE III": {
        "RLT": 1.3125,
        "RST": 81,
        "BTC": 0.00000413,
        "LTC": 0.00242,
        "BNB": 0.00061,
        "POL": 2.16918
    },
    "SILVER I": {
        "RLT": 0.67274,
        "RST": 42,
        "BTC": 0.00000234,
        "LTC": 0.00131,
        "BNB": 0.00031,
        "POL": 1.05593,
        "XRP": 0.11639
    },
    "SILVER II": {
        "RLT": 0.85851,
        "RST": 53,
        "BTC": 0.00000271,
        "LTC": 0.00143,
        "BNB": 0.00033,
        "POL": 1.04648,
        "XRP": 0.10958,
        "DOGE": 2.5646
    },
    "SILVER III": {
        "RLT": 0.52083,
        "RST": 32,
        "BTC": 0.00000179,
        "LTC": 0.0009,
        "BNB": 0.0002,
        "POL": 0.59467,
        "XRP": 0.05916,
        "DOGE": 1.3153,
        "ETH": 0.00008
    },
    "GOLD I": {
        "RLT": 0.66406,
        "RST": 41,
        "BTC": 0.00000255,
        "LTC": 0.00122,
        "BNB": 0.00025,
        "POL": 0.72453,
        "XRP": 0.06847,
        "DOGE": 1.4463,
        "ETH": 0.00008,
        "TRX": 1.68883
    },
    "GOLD II": {
        "RLT": 1.4974,
        "RST": 92,
        "BTC": 0.00000601,
        "LTC": 0.00272,
        "BNB": 0.000536,
        "POL": 1.462,
        "XRP": 0.131,
        "DOGE": 2.634,
        "ETH": 0.000137,
        "TRX": 2.776,
        "SOL": 0.00838,
        "HMT": 625
    },
    "GOLD III": {
        "RLT": 3.83681,
        "RST": 236,
        "BTC": 0.00001678,
        "LTC": 0.00792,
        "BNB": 0.001607,
        "POL": 4.598,
        "XRP": 0.429,
        "DOGE": 8.959,
        "ETH": 0.00048,
        "TRX": 10.212,
        "SOL": 0.02192,
        "HMT": 1528
    },
    "PLATINUM I": {
        "RLT": 6.38021,
        "RST": 392,
        "BTC": 0.00003408,
        "LTC": 0.01657,
        "BNB": 0.003476,
        "POL": 10.205,
        "XRP": 0.981,
        "DOGE": 21.095,
        "ETH": 0.001178,
        "TRX": 25.51,
        "SOL": 0.05039,
        "ALGO": 20.02919,
        "HMT": 3125
    },
    "PLATINUM II": {
        "RLT": 3.06858,
        "RST": 189,
        "BTC": 0.00002179,
        "LTC": 0.01081,
        "BNB": 0.00231,
        "POL": 6.923,
        "XRP": 0.679,
        "DOGE": 14.889,
        "ETH": 0.000842,
        "TRX": 18.732,
        "SOL": 0.04138,
        "ALGO": 8.600969,
        "HMT": 2430
    },
    "PLATINUM III": {
        "RLT": 1.75781,
        "RST": 108,
        "BTC": 0.00001499,
        "LTC": 0.00766,
        "BNB": 0.00168,
        "POL": 5.2,
        "XRP": 0.52,
        "DOGE": 11.87,
        "ETH": 0.00069,
        "TRX": 15.85,
        "SOL": 0.04,
        "ALGO": 5.51825,
        "HMT": 2084
    },
    "DIAMOND I": {
        "RST": 93,
        "BTC": 0.00001278,
        "LTC": 0.01282,
        "BNB": 0.00167,
        "POL": 8.51715,
        "XRP": 0.75866,
        "DOGE": 11.4355,
        "ETH": 0.00059,
        "TRX": 8.13289,
        "SOL": 0.01607,
        "ALGO": 11.854008
    },
    "DIAMOND II": {
        "RST": 84,
        "BTC": 0.00001543,
        "LTC": 0.01547,
        "BNB": 0.00231,
        "POL": 10.27932,
        "XRP": 0.91562,
        "DOGE": 13.8015,
        "ETH": 0.00071,
        "TRX": 9.81555,
        "SOL": 0.01939,
        "ALGO": 14.30656
    },
    "DIAMOND III": {
        "RST": 11,
        "BTC": 0.00000198,
        "LTC": 0.00199,
        "BNB": 0.0003,
        "POL": 1.32163,
        "XRP": 0.11772,
        "DOGE": 1.7745,
        "ETH": 0.00009,
        "TRX": 1.262,
        "SOL": 0.00249,
        "ALGO": 1.83942
    }
}