{
    "BRONZE I": {
        "RST": 46,
        "RLT": 0.73828,
        "BTC": 0.00000179,
        "LTC": 0.00119
    },
    "BRONZE II": {
        "RLT": 1.33984,
        "RST": 83,
        "BTC": 0.00000389,
        "LTC": 0.00253,
        "BNB": 0.00067
    },
    "BRONZE III": {
        "RLT": 1.3125,
        "RST": 81,
        "BTC": 0.00000413,
        "LTC": 0.00242,
        "BNB": 0.00061,
        "POL": 2.16918
    },
    "SILVER I": {
        "RLT": 0.67274,
        "RST": 42,
        "BTC": 0.00000234,
        "LTC": 0.00131,
        "BNB": 0.00031,
        "POL": 1.05593,
        "XRP": 0.11639
    },
    "SILVER II": {
        "RLT": 0.85851,
        "RST": 53,
        "BTC": 0.00000271,
        "LTC": 0.00143,
        "BNB": 0.00033,
        "POL": 1.04648,
        "XRP": 0.10958,
        "DOGE": 2.5646
    },
    "SILVER III": {
        "RLT": 0.52083,
        "RST": 32,
        "BTC": 0.00000179,
        "LTC": 0.0009,
        "BNB": 0.0002,
        "POL": 0.59467,
        "XRP": 0.05916,
        "DOGE": 1.3153,
        "ETH": 0.00008
    },
    "GOLD I": {
        "RLT": 0.66406,
        "RST": 41,
        "BTC": 0.00000255,
        "LTC": 0.00122,
        "BNB": 0.00025,
        "POL": 0.72453,
        "XRP": 0.06847,
        "DOGE": 1.4463,
        "ETH": 0.00008,
        "TRX": 1.68883
    },
    "GOLD II": {
        "RLT": 1.4974,
        "RST": 92,
        "BTC": 0.00000616,
        "LTC": 0.00279,
        "BNB": 0.00055,
        "POL": 1.49931,
        "XRP": 0.1346,
        "DOGE": 2.701,
        "ETH": 0.00014,
        "TRX": 2.84651,
        "SOL": 0.00859
    },
    "GOLD III": {
        "RLT": 3.994792,
        "RST": 246,
        "BTC": 0.00001783,
        "LTC": 0.00841677,
        "BNB": 0.00171195,
        "POL": 4.88616555,
        "XRP": 0.456208,
        "DOGE": 9.5206,
        "ETH": 0.00051465,
        "TRX": 10.85230082,
        "SOL": 0.02329607
    },
    "PLATINUM I": {
        "RLT": 6.076389,
        "RST": 373,
        "BTC": 0.00003306,
        "LTC": 0.01607122,
        "BNB": 0.0033669,
        "POL": 9.89796481,
        "XRP": 0.951869,
        "DOGE": 20.4605,
        "ETH": 0.0011392,
        "TRX": 24.74277757,
        "SOL": 0.02819384,
        "ALGO": 20.02919
    },
    "PLATINUM II": {
        "RLT": 3.208334,
        "RST": 197,
        "BTC": 0.00002327,
        "LTC": 0.01154042,
        "BNB": 0.00246606,
        "POL": 7.39467481,
        "XRP": 0.725355,
        "DOGE": 15.9034,
        "ETH": 0.00090318,
        "TRX": 20.00885848,
        "SOL": 0.03444554,
        "ALGO": 8.600969
    },
    "PLATINUM III": {
        "RLT": 1.757813,
        "RST": 108,
        "BTC": 0.0000153,
        "LTC": 0.00782,
        "BNB": 0.00172,
        "POL": 5.31257,
        "XRP": 0.53675,
        "DOGE": 12.1213,
        "ETH": 0.00071,
        "TRX": 16.17921,
        "SOL": 0.03470374,
        "ALGO": 5.51825
    },
    "DIAMOND I": {
        "RST": 89,
        "BTC": 0.00001225,
        "LTC": 0.01228536,
        "BNB": 0.00160201,
        "POL": 8.16471724,
        "XRP": 0.727265,
        "DOGE": 10.9623,
        "ETH": 0.00056675,
        "TRX": 4.45505967,
        "SOL": 0.00924203,
        "ALGO": 11.854008
    },
    "DIAMOND II": {
        "RST": 84,
        "BTC": 0.00001543,
        "LTC": 0.01547,
        "BNB": 0.00231,
        "POL": 10.27932,
        "XRP": 0.91562,
        "DOGE": 13.8015,
        "ETH": 0.00071,
        "TRX": 5.60888807,
        "SOL": 0.01163564,
        "ALGO": 14.30656
    },
    "DIAMOND III": {
        "RST": 11,
        "BTC": 0.00000198,
        "LTC": 0.00199,
        "BNB": 0.0003,
        "POL": 1.32163,
        "XRP": 0.11772,
        "DOGE": 1.7745,
        "ETH": 0.00009,
        "TRX": 0.72114275,
        "SOL": 0.00149602,
        "ALGO": 1.83942
    }
}